TradeNum,DateTime,Type,Entry,SL,TP,Result,Profit,BaseScore,FinalScore,ADX,EMA200_Aligned,GoldenHour,Month
1,2024.01.03 08:15,SELL,2061.53,2064.27,2057.42,WIN,4.11,12,14,23.9,YES,NO,2024-01
2,2024.01.03 08:45,SELL,2058.20,2061.16,2053.75,WIN,4.45,12,15,25.2,YES,NO,2024-01
3,2024.01.03 09:00,SELL,2058.69,2061.68,2054.21,WIN,4.48,12,15,27.9,YES,NO,2024-01
4,2024.01.03 09:30,SELL,2056.70,2060.02,2051.71,WIN,4.99,12,15,34.6,YES,NO,2024-01
5,2024.01.03 10:00,SELL,2052.91,2056.33,2047.78,WIN,5.13,12,15,40.0,YES,NO,2024-01
6,2024.01.03 10:15,SELL,2054.69,2058.29,2049.29,WIN,5.40,12,15,43.7,YES,NO,2024-01
7,2024.01.03 11:00,SELL,2052.28,2056.02,2046.67,WIN,5.61,12,15,48.7,YES,NO,2024-01
8,2024.01.03 11:15,SELL,2049.09,2052.94,2043.32,WIN,5.77,12,15,50.9,YES,NO,2024-01
9,2024.01.03 11:30,SELL,2047.49,2051.63,2041.28,WIN,6.21,12,15,53.9,YES,NO,2024-01
10,2024.01.03 11:45,SELL,2045.39,2049.37,2039.42,WIN,5.97,12,15,57.0,YES,NO,2024-01
11,2024.01.03 12:00,SELL,2043.47,2047.81,2036.97,LOSS,-4.34,12,16,60.3,YES,YES,2024-01
12,2024.01.03 12:15,SELL,2045.98,2050.55,2039.13,WIN,6.85,12,16,63.3,YES,YES,2024-01
13,2024.01.03 12:45,SELL,2045.24,2050.15,2037.88,WIN,7.36,12,16,62.7,YES,YES,2024-01
14,2024.01.03 13:00,SELL,2042.71,2047.43,2035.64,WIN,7.07,12,16,60.3,YES,YES,2024-01
15,2024.01.03 13:15,SELL,2041.82,2046.86,2034.26,WIN,7.56,12,16,59.8,YES,YES,2024-01
16,2024.01.03 13:30,SELL,2040.94,2046.18,2033.08,WIN,7.86,12,16,59.4,YES,YES,2024-01
17,2024.01.03 13:45,SELL,2037.23,2042.47,2029.36,LOSS,-5.24,12,16,60.6,YES,YES,2024-01
18,2024.01.03 14:00,SELL,2036.99,2042.60,2028.58,LOSS,-5.61,12,16,62.2,YES,YES,2024-01
19,2024.01.03 14:30,SELL,2037.76,2043.74,2028.80,LOSS,-5.98,15,19,66.4,YES,YES,2024-01
20,2024.01.03 15:15,SELL,2033.88,2041.34,2022.69,LOSS,-7.46,12,15,55.7,YES,NO,2024-01
21,2024.01.03 15:30,SELL,2032.50,2040.14,2021.04,LOSS,-7.64,12,15,53.4,YES,NO,2024-01
22,2024.01.03 19:00,SELL,2038.62,2042.55,2032.72,LOSS,-3.93,11,14,28.0,YES,NO,2024-01
23,2024.01.03 19:30,SELL,2036.58,2041.15,2029.73,LOSS,-4.57,9,10,24.7,YES,NO,2024-01
24,2024.01.03 19:45,SELL,2039.29,2044.01,2032.21,LOSS,-4.72,9,10,22.2,YES,NO,2024-01
25,2024.01.03 20:45,SELL,2040.54,2045.34,2033.34,LOSS,-4.80,9,11,28.2,YES,NO,2024-01
26,2024.01.03 21:00,SELL,2041.34,2046.04,2034.28,LOSS,-4.70,9,11,28.2,YES,NO,2024-01
27,2024.01.03 21:30,SELL,2041.20,2045.68,2034.49,LOSS,-4.48,9,11,28.7,YES,NO,2024-01
28,2024.01.03 23:15,SELL,2043.36,2047.68,2036.88,LOSS,-4.32,9,11,36.0,YES,NO,2024-01
29,2024.01.03 23:45,SELL,2042.73,2045.69,2038.29,LOSS,-2.96,9,11,43.5,YES,NO,2024-01
30,2024.01.04 00:00,SELL,2042.92,2045.34,2039.29,LOSS,-2.42,9,11,41.1,YES,NO,2024-01
31,2024.01.04 00:30,SELL,2042.07,2043.93,2039.28,LOSS,-1.86,9,11,34.7,YES,NO,2024-01
32,2024.01.04 00:45,SELL,2041.98,2043.67,2039.45,LOSS,-1.69,9,11,32.9,YES,NO,2024-01
33,2024.01.04 01:00,SELL,2041.04,2042.74,2038.50,LOSS,-1.70,9,11,31.4,YES,NO,2024-01
34,2024.01.04 01:15,SELL,2040.68,2042.49,2037.97,LOSS,-1.81,9,11,31.5,YES,NO,2024-01
35,2024.01.04 01:30,SELL,2042.17,2043.96,2039.48,LOSS,-1.79,11,14,33.3,YES,NO,2024-01
36,2024.01.04 02:30,SELL,2044.56,2046.52,2041.61,LOSS,-1.96,9,11,26.3,YES,NO,2024-01
37,2024.01.04 03:30,SELL,2044.52,2046.69,2041.27,LOSS,-2.17,9,11,31.1,YES,NO,2024-01
38,2024.01.04 03:45,SELL,2043.40,2045.72,2039.92,LOSS,-2.32,9,11,29.7,YES,NO,2024-01
39,2024.01.04 04:00,SELL,2043.16,2045.60,2039.50,LOSS,-2.44,9,11,26.8,YES,NO,2024-01
40,2024.01.04 04:15,SELL,2044.31,2046.78,2040.60,LOSS,-2.47,9,10,24.7,YES,NO,2024-01
41,2024.01.04 04:45,SELL,2043.23,2045.64,2039.62,LOSS,-2.41,11,13,19.8,YES,NO,2024-01
42,2024.01.04 05:30,SELL,2043.70,2045.95,2040.32,LOSS,-2.25,9,8,15.7,YES,NO,2024-01
43,2024.01.04 06:30,SELL,2047.14,2049.56,2043.51,LOSS,-2.42,9,10,20.3,YES,NO,2024-01
44,2024.01.04 07:45,SELL,2047.62,2050.40,2043.45,LOSS,-2.78,10,13,27.0,YES,NO,2024-01
45,2024.01.04 08:00,SELL,2047.36,2050.20,2043.10,LOSS,-2.84,10,13,26.0,YES,NO,2024-01
46,2024.01.04 08:15,SELL,2045.85,2048.67,2041.63,LOSS,-2.82,10,13,25.2,YES,NO,2024-01
47,2024.01.04 08:30,SELL,2046.72,2049.67,2042.30,LOSS,-2.95,10,11,23.6,YES,NO,2024-01
48,2024.01.04 09:15,SELL,2049.79,2053.09,2044.84,WIN,4.95,10,11,19.6,YES,NO,2024-01
49,2024.01.04 09:45,SELL,2048.20,2051.62,2043.07,WIN,5.13,10,11,23.3,YES,NO,2024-01
50,2024.01.04 10:30,SELL,2047.89,2051.36,2042.69,WIN,5.20,10,11,23.3,YES,NO,2024-01
51,2024.01.04 10:45,SELL,2047.71,2051.15,2042.55,WIN,5.16,10,11,20.9,YES,NO,2024-01
52,2024.01.04 11:00,SELL,2047.65,2050.91,2042.76,WIN,4.89,10,11,18.9,YES,NO,2024-01
53,2024.01.04 11:15,SELL,2047.15,2050.27,2042.48,WIN,4.67,10,9,16.4,YES,NO,2024-01
54,2024.01.04 11:30,SELL,2045.07,2048.12,2040.50,WIN,4.57,12,11,16.7,YES,NO,2024-01
55,2024.01.04 11:45,SELL,2044.77,2047.96,2039.98,WIN,4.79,12,14,19.7,YES,NO,2024-01
56,2024.01.04 12:00,SELL,2045.37,2048.57,2040.57,WIN,4.80,12,15,24.1,YES,YES,2024-01
57,2024.01.04 12:45,SELL,2046.18,2049.12,2041.77,WIN,4.41,12,16,28.3,YES,YES,2024-01
58,2024.01.04 13:15,SELL,2039.35,2042.21,2035.05,LOSS,-2.87,15,19,25.6,YES,YES,2024-01
59,2024.01.04 13:30,SELL,2040.15,2043.44,2035.21,LOSS,-3.29,12,16,27.8,YES,YES,2024-01
60,2024.01.04 14:30,SELL,2039.27,2042.89,2033.85,LOSS,-3.62,12,16,30.9,YES,YES,2024-01
61,2024.01.04 14:45,SELL,2045.11,2049.08,2039.16,WIN,5.95,12,16,32.6,YES,YES,2024-01
62,2024.01.04 15:30,SELL,2045.03,2049.79,2037.89,WIN,7.14,10,11,23.3,YES,NO,2024-01
63,2024.01.04 16:00,SELL,2045.06,2049.92,2037.77,WIN,7.29,10,11,19.6,YES,NO,2024-01
64,2024.01.04 17:15,SELL,2043.36,2047.63,2036.96,LOSS,-4.27,12,11,17.6,YES,NO,2024-01
65,2024.01.04 17:45,SELL,2042.34,2046.46,2036.16,LOSS,-4.12,11,13,21.0,YES,NO,2024-01
66,2024.01.04 18:00,SELL,2042.39,2046.53,2036.17,LOSS,-4.14,11,13,22.3,YES,NO,2024-01
67,2024.01.04 19:00,SELL,2042.75,2045.55,2038.55,LOSS,-2.80,14,16,20.6,YES,NO,2024-01
68,2024.01.04 19:15,SELL,2042.98,2045.66,2038.96,LOSS,-2.68,11,13,19.2,YES,NO,2024-01
69,2024.01.04 20:15,SELL,2044.27,2046.54,2040.86,LOSS,-2.27,9,8,17.6,YES,NO,2024-01
70,2024.01.04 20:30,SELL,2043.00,2045.16,2039.76,LOSS,-2.16,9,8,16.8,YES,NO,2024-01
71,2024.01.04 20:45,SELL,2043.21,2045.29,2040.08,LOSS,-2.08,11,10,16.8,YES,NO,2024-01
72,2024.01.04 21:15,SELL,2043.19,2044.97,2040.52,LOSS,-1.78,11,10,16.7,YES,NO,2024-01
73,2024.01.04 21:45,SELL,2044.46,2045.95,2042.22,LOSS,-1.49,11,10,17.1,YES,NO,2024-01
74,2024.01.04 23:15,SELL,2043.72,2045.30,2041.34,LOSS,-1.58,11,10,16.8,YES,NO,2024-01
75,2024.01.05 00:00,SELL,2043.85,2045.51,2041.36,LOSS,-1.66,9,10,20.5,YES,NO,2024-01
76,2024.01.05 01:15,SELL,2047.10,2048.97,2044.29,WIN,2.81,9,11,39.0,YES,NO,2024-01
77,2024.01.05 01:45,SELL,2046.57,2048.67,2043.42,WIN,3.15,9,11,42.5,YES,NO,2024-01
78,2024.01.05 02:30,SELL,2046.10,2048.43,2042.61,WIN,3.49,9,11,42.0,YES,NO,2024-01
79,2024.01.05 02:45,SELL,2045.21,2047.45,2041.85,WIN,3.36,9,11,39.9,YES,NO,2024-01
80,2024.01.05 03:00,SELL,2045.43,2047.74,2041.96,WIN,3.47,11,14,36.3,YES,NO,2024-01
81,2024.01.05 03:30,SELL,2045.24,2047.49,2041.86,WIN,3.38,11,14,30.4,YES,NO,2024-01
82,2024.01.05 04:00,SELL,2045.94,2048.20,2042.55,WIN,3.39,11,14,31.1,YES,NO,2024-01
83,2024.01.05 04:30,SELL,2044.56,2046.66,2041.41,WIN,3.15,11,14,26.3,YES,NO,2024-01
84,2024.01.05 04:45,SELL,2043.71,2045.66,2040.78,LOSS,-1.95,11,14,28.2,YES,NO,2024-01
85,2024.01.05 05:00,SELL,2044.21,2046.13,2041.32,WIN,2.89,11,14,32.1,YES,NO,2024-01
86,2024.01.05 05:45,SELL,2044.36,2046.06,2041.81,WIN,2.55,11,14,31.4,YES,NO,2024-01
87,2024.01.05 06:15,SELL,2041.26,2043.04,2038.58,LOSS,-1.78,11,14,29.6,YES,NO,2024-01
88,2024.01.05 06:30,SELL,2042.36,2044.15,2039.68,LOSS,-1.79,11,14,32.2,YES,NO,2024-01
89,2024.01.05 07:15,SELL,2043.56,2045.87,2040.09,WIN,3.47,9,11,28.2,YES,NO,2024-01
90,2024.01.05 07:30,SELL,2043.00,2045.41,2039.39,WIN,3.61,11,14,25.6,YES,NO,2024-01
91,2024.01.05 07:45,SELL,2042.76,2045.16,2039.15,WIN,3.61,12,14,23.9,YES,NO,2024-01
92,2024.01.05 08:00,SELL,2042.76,2045.30,2038.95,WIN,3.81,12,14,23.8,YES,NO,2024-01
93,2024.01.05 08:30,SELL,2042.39,2045.00,2038.48,WIN,3.91,12,15,25.7,YES,NO,2024-01
94,2024.01.05 09:15,SELL,2041.15,2043.96,2036.94,WIN,4.21,12,14,23.1,YES,NO,2024-01
95,2024.01.05 09:30,SELL,2038.74,2041.61,2034.44,LOSS,-2.87,12,14,24.6,YES,NO,2024-01
96,2024.01.05 09:45,SELL,2038.29,2041.22,2033.89,LOSS,-2.93,12,15,28.4,YES,NO,2024-01
97,2024.01.05 11:00,SELL,2037.55,2040.13,2033.68,LOSS,-2.58,12,15,33.4,YES,NO,2024-01
98,2024.01.05 12:15,SELL,2040.00,2042.53,2036.21,WIN,3.79,12,15,24.2,YES,YES,2024-01
99,2024.01.05 13:15,SELL,2033.82,2036.36,2030.01,LOSS,-2.54,12,15,24.2,YES,YES,2024-01
100,2024.01.05 14:00,SELL,2046.72,2052.49,2038.07,LOSS,-5.77,10,13,19.7,YES,YES,2024-01
101,2024.01.05 14:30,SELL,2046.59,2053.72,2035.89,LOSS,-7.13,10,13,20.4,YES,YES,2024-01
102,2024.01.05 15:15,SELL,2060.57,2070.10,2046.28,WIN,14.29,10,10,27.6,NO,NO,2024-01
103,2024.01.05 15:45,SELL,2055.64,2066.00,2040.10,WIN,15.54,10,10,28.6,NO,NO,2024-01
104,2024.01.05 16:15,SELL,2050.28,2061.45,2033.53,WIN,16.75,10,9,24.9,NO,NO,2024-01
105,2024.01.05 16:30,SELL,2044.95,2056.07,2028.27,WIN,16.68,10,9,24.1,NO,NO,2024-01
106,2024.01.05 16:45,SELL,2043.52,2055.08,2026.18,WIN,17.34,12,15,26.7,YES,NO,2024-01
107,2024.01.05 17:00,SELL,2041.45,2051.89,2025.80,WIN,15.65,12,15,30.6,YES,NO,2024-01
108,2024.01.05 17:15,SELL,2042.30,2051.94,2027.84,WIN,14.46,12,15,33.6,YES,NO,2024-01
109,2024.01.05 17:45,SELL,2041.59,2050.03,2028.93,LOSS,-8.44,11,14,38.0,YES,NO,2024-01
110,2024.01.05 18:00,SELL,2043.11,2050.96,2031.34,WIN,11.77,11,14,40.1,YES,NO,2024-01
111,2024.01.05 19:15,SELL,2046.55,2051.70,2038.82,WIN,7.73,9,9,33.1,NO,NO,2024-01
112,2024.01.05 19:30,SELL,2045.64,2050.54,2038.29,WIN,7.35,9,9,30.2,NO,NO,2024-01
113,2024.01.05 19:45,SELL,2044.54,2048.95,2037.92,WIN,6.62,11,14,27.9,YES,NO,2024-01
114,2024.01.05 20:00,SELL,2044.11,2048.55,2037.45,WIN,6.66,11,14,27.5,YES,NO,2024-01
115,2024.01.05 20:15,SELL,2043.65,2047.48,2037.91,WIN,5.74,14,17,27.2,YES,NO,2024-01
116,2024.01.05 20:30,SELL,2043.58,2047.13,2038.25,WIN,5.33,11,14,28.5,YES,NO,2024-01
117,2024.01.05 20:45,SELL,2044.38,2047.59,2039.56,WIN,4.82,11,14,27.9,YES,NO,2024-01
118,2024.01.07 23:15,SELL,2044.12,2046.50,2040.55,LOSS,-2.38,11,13,19.4,YES,NO,2024-01
119,2024.01.07 23:30,SELL,2044.20,2046.55,2040.67,WIN,3.53,11,13,20.6,YES,NO,2024-01
120,2024.01.08 00:45,SELL,2045.33,2047.32,2042.35,WIN,2.98,9,10,21.7,YES,NO,2024-01
121,2024.01.08 01:00,SELL,2045.70,2047.72,2042.68,WIN,3.02,9,10,20.0,YES,NO,2024-01
122,2024.01.08 01:30,SELL,2043.72,2045.91,2040.44,WIN,3.28,11,10,17.9,YES,NO,2024-01
123,2024.01.08 02:00,SELL,2042.43,2044.84,2038.82,WIN,3.61,11,13,21.2,YES,NO,2024-01
124,2024.01.08 02:15,SELL,2042.94,2045.31,2039.38,WIN,3.56,11,13,23.4,YES,NO,2024-01
125,2024.01.08 02:45,SELL,2040.27,2042.55,2036.85,WIN,3.42,11,14,27.0,YES,NO,2024-01
126,2024.01.08 03:00,SELL,2039.96,2042.26,2036.52,WIN,3.44,11,14,31.3,YES,NO,2024-01
127,2024.01.08 03:15,SELL,2037.43,2039.72,2034.00,WIN,3.43,11,14,35.1,YES,NO,2024-01
128,2024.01.08 03:30,SELL,2036.02,2038.67,2032.04,WIN,3.98,11,14,39.8,YES,NO,2024-01
129,2024.01.08 12:00,BUY,2019.99,2016.15,2025.75,WIN,5.76,10,11,39.7,NO,YES,2024-01
130,2024.01.08 12:45,BUY,2020.79,2016.69,2026.94,WIN,6.15,10,11,41.1,NO,YES,2024-01
131,2024.01.08 13:15,BUY,2022.30,2017.78,2029.07,WIN,6.77,10,11,33.4,NO,YES,2024-01
132,2024.01.08 13:30,BUY,2018.90,2014.15,2026.03,WIN,7.13,10,11,31.5,NO,YES,2024-01
133,2024.01.08 14:00,BUY,2020.20,2015.08,2027.88,WIN,7.68,10,11,31.6,NO,YES,2024-01
134,2024.01.08 14:30,BUY,2026.31,2020.72,2034.69,WIN,8.38,12,14,29.0,NO,YES,2024-01
135,2024.01.08 14:45,BUY,2028.94,2023.85,2036.58,WIN,7.64,12,14,28.5,NO,YES,2024-01
136,2024.01.08 15:00,BUY,2030.26,2025.04,2038.09,WIN,7.83,12,13,30.4,NO,NO,2024-01
137,2024.01.08 15:15,BUY,2032.41,2027.11,2040.36,LOSS,-5.30,12,13,32.3,NO,NO,2024-01
138,2024.01.08 18:30,BUY,2026.50,2022.98,2031.79,WIN,5.29,9,9,38.0,NO,NO,2024-01
139,2024.01.08 19:00,BUY,2028.16,2024.94,2032.99,WIN,4.83,11,11,36.3,NO,NO,2024-01
140,2024.01.08 19:45,BUY,2026.41,2023.82,2030.29,WIN,3.88,11,11,29.3,NO,NO,2024-01
141,2024.01.08 20:15,BUY,2027.04,2024.48,2030.87,WIN,3.83,9,8,23.0,NO,NO,2024-01
142,2024.01.08 21:00,BUY,2028.52,2026.35,2031.77,WIN,3.25,11,10,19.7,NO,NO,2024-01
143,2024.01.08 21:15,BUY,2027.98,2025.83,2031.21,WIN,3.23,11,10,22.8,NO,NO,2024-01
144,2024.01.08 23:00,BUY,2028.73,2026.83,2031.59,WIN,2.86,11,11,25.3,NO,NO,2024-01
145,2024.01.08 23:15,BUY,2029.13,2027.27,2031.92,WIN,2.79,11,11,27.5,NO,NO,2024-01
146,2024.01.08 23:30,BUY,2030.67,2028.92,2033.30,WIN,2.63,11,11,30.8,NO,NO,2024-01
147,2024.01.08 23:45,BUY,2032.89,2031.02,2035.69,WIN,2.80,11,11,35.5,NO,NO,2024-01
148,2024.01.09 00:00,BUY,2033.77,2031.72,2036.85,LOSS,-2.05,11,11,40.6,NO,NO,2024-01
149,2024.01.09 00:15,BUY,2034.39,2032.27,2037.57,LOSS,-2.12,11,11,45.7,NO,NO,2024-01
150,2024.01.09 01:45,BUY,2034.85,2032.56,2038.28,LOSS,-2.29,11,11,48.8,NO,NO,2024-01
151,2024.01.09 02:00,BUY,2034.85,2032.33,2038.64,LOSS,-2.52,11,11,48.1,NO,NO,2024-01
152,2024.01.09 03:15,BUY,2033.79,2030.99,2037.99,LOSS,-2.80,11,11,38.7,NO,NO,2024-01
153,2024.01.09 04:30,BUY,2032.80,2030.35,2036.48,LOSS,-2.45,11,10,23.9,NO,NO,2024-01
154,2024.01.09 05:45,BUY,2031.47,2029.36,2034.64,WIN,3.17,11,11,29.2,NO,NO,2024-01
155,2024.01.09 06:15,BUY,2034.35,2032.25,2037.50,LOSS,-2.10,11,11,29.9,NO,NO,2024-01
156,2024.01.09 06:30,BUY,2033.12,2030.77,2036.64,WIN,3.52,11,11,26.0,NO,NO,2024-01
157,2024.01.09 07:00,BUY,2036.34,2033.59,2040.47,LOSS,-2.75,11,10,20.6,NO,NO,2024-01
158,2024.01.09 07:15,BUY,2035.91,2032.88,2040.45,LOSS,-3.03,11,13,21.4,YES,NO,2024-01
159,2024.01.09 08:30,BUY,2034.15,2030.12,2040.20,WIN,6.05,12,11,18.7,NO,NO,2024-01
160,2024.01.09 08:45,BUY,2033.21,2029.21,2039.21,WIN,6.00,12,9,17.1,NO,NO,2024-01
161,2024.01.09 09:30,BUY,2035.35,2031.37,2041.32,WIN,5.97,12,11,15.1,YES,NO,2024-01
162,2024.01.09 10:00,BUY,2037.79,2033.93,2043.57,LOSS,-3.86,12,11,17.9,YES,NO,2024-01
163,2024.01.09 11:15,BUY,2034.09,2030.69,2039.19,WIN,5.10,12,11,20.3,NO,NO,2024-01
164,2024.01.09 11:45,BUY,2035.40,2032.43,2039.85,LOSS,-2.97,12,11,19.9,NO,NO,2024-01
165,2024.01.09 12:00,BUY,2035.08,2032.23,2039.36,LOSS,-2.85,12,13,18.5,NO,YES,2024-01
166,2024.01.09 12:45,BUY,2035.23,2032.50,2039.33,LOSS,-2.73,12,13,15.2,YES,YES,2024-01
167,2024.01.09 15:15,BUY,2032.64,2028.07,2039.49,LOSS,-4.57,10,9,25.0,NO,NO,2024-01
168,2024.01.09 16:15,BUY,2029.17,2023.82,2037.19,LOSS,-5.35,10,10,41.5,NO,NO,2024-01
169,2024.01.09 16:45,BUY,2029.99,2024.87,2037.66,LOSS,-5.12,10,10,41.3,NO,NO,2024-01
170,2024.01.09 17:45,BUY,2028.07,2024.12,2033.99,LOSS,-3.95,9,9,42.4,NO,NO,2024-01
171,2024.01.09 18:00,BUY,2027.32,2023.41,2033.19,WIN,5.87,9,9,42.4,NO,NO,2024-01
172,2024.01.09 18:30,BUY,2029.06,2025.39,2034.56,LOSS,-3.67,9,9,42.7,NO,NO,2024-01
173,2024.01.09 18:45,BUY,2028.93,2025.32,2034.35,LOSS,-3.61,9,9,37.9,NO,NO,2024-01
174,2024.01.09 19:45,BUY,2029.91,2027.19,2034.00,LOSS,-2.72,9,9,25.8,NO,NO,2024-01
175,2024.01.09 20:00,BUY,2028.98,2026.26,2033.06,LOSS,-2.72,11,11,25.9,NO,NO,2024-01
176,2024.01.09 20:30,BUY,2028.32,2025.85,2032.02,WIN,3.70,9,8,23.4,NO,NO,2024-01
177,2024.01.09 21:30,BUY,2029.89,2027.96,2032.78,LOSS,-1.93,11,8,17.9,NO,NO,2024-01
178,2024.01.09 21:45,BUY,2030.82,2028.97,2033.60,LOSS,-1.85,11,10,20.6,NO,NO,2024-01
179,2024.01.09 23:00,BUY,2029.49,2027.62,2032.29,LOSS,-1.87,11,10,24.5,NO,NO,2024-01
180,2024.01.09 23:30,BUY,2030.67,2028.70,2033.62,LOSS,-1.97,11,11,26.7,NO,NO,2024-01
181,2024.01.09 23:45,BUY,2030.64,2028.70,2033.56,LOSS,-1.94,11,11,28.2,NO,NO,2024-01
182,2024.01.10 00:15,BUY,2030.14,2028.33,2032.86,LOSS,-1.82,11,11,29.2,NO,NO,2024-01
183,2024.01.10 00:45,BUY,2028.08,2026.39,2030.61,WIN,2.53,11,11,26.2,NO,NO,2024-01
184,2024.01.10 01:15,BUY,2030.60,2028.73,2033.40,LOSS,-1.87,9,9,26.7,NO,NO,2024-01
185,2024.01.10 01:30,BUY,2031.71,2029.67,2034.77,LOSS,-2.04,11,10,23.3,NO,NO,2024-01
186,2024.01.10 01:45,BUY,2031.16,2028.95,2034.47,LOSS,-2.21,11,10,22.3,NO,NO,2024-01
187,2024.01.10 02:15,BUY,2030.68,2028.31,2034.24,LOSS,-2.37,11,10,22.5,NO,NO,2024-01
188,2024.01.10 02:45,BUY,2030.74,2028.36,2034.31,LOSS,-2.38,11,10,19.5,NO,NO,2024-01
189,2024.01.10 03:15,BUY,2030.61,2028.21,2034.21,LOSS,-2.40,11,8,15.9,NO,NO,2024-01
190,2024.01.10 04:00,BUY,2029.36,2026.65,2033.43,LOSS,-2.71,9,8,18.5,NO,NO,2024-01
191,2024.01.10 05:15,BUY,2027.99,2025.74,2031.36,LOSS,-2.25,9,8,18.0,NO,NO,2024-01
192,2024.01.10 06:15,BUY,2025.30,2022.64,2029.29,WIN,3.99,9,9,35.1,NO,NO,2024-01
193,2024.01.10 07:00,BUY,2028.41,2025.71,2032.46,WIN,4.05,9,9,43.3,NO,NO,2024-01
194,2024.01.10 07:15,BUY,2030.88,2028.20,2034.90,WIN,4.02,11,11,37.9,NO,NO,2024-01
195,2024.01.10 07:30,BUY,2030.91,2027.97,2035.32,WIN,4.41,11,11,35.2,NO,NO,2024-01
196,2024.01.10 07:45,BUY,2033.16,2030.24,2037.54,WIN,4.38,12,13,34.2,NO,NO,2024-01
197,2024.01.10 08:00,BUY,2034.53,2031.30,2039.37,WIN,4.84,12,15,35.1,YES,NO,2024-01
198,2024.01.10 08:15,BUY,2033.02,2029.55,2038.23,WIN,5.21,12,15,36.8,YES,NO,2024-01
199,2024.01.10 08:45,BUY,2035.59,2031.83,2041.23,LOSS,-3.76,12,15,37.2,YES,NO,2024-01
200,2024.01.10 11:30,BUY,2033.93,2031.04,2038.27,LOSS,-2.89,12,15,35.8,YES,NO,2024-01
201,2024.01.10 13:00,BUY,2032.07,2029.14,2036.46,LOSS,-2.93,10,11,27.7,NO,YES,2024-01
202,2024.01.10 15:30,BUY,2027.80,2023.76,2033.87,LOSS,-4.04,10,10,34.0,NO,NO,2024-01
203,2024.01.10 16:15,BUY,2025.43,2021.27,2031.68,LOSS,-4.16,10,10,31.1,NO,NO,2024-01
204,2024.01.10 16:45,BUY,2027.32,2023.30,2033.34,LOSS,-4.02,10,10,30.2,NO,NO,2024-01
205,2024.01.10 17:00,BUY,2025.55,2021.59,2031.49,LOSS,-3.96,10,10,27.9,NO,NO,2024-01
206,2024.01.10 18:45,BUY,2021.01,2017.55,2026.20,WIN,5.19,9,9,43.3,NO,NO,2024-01
207,2024.01.10 19:15,BUY,2023.76,2020.45,2028.73,WIN,4.97,9,9,47.8,NO,NO,2024-01
208,2024.01.10 19:30,BUY,2023.94,2020.72,2028.78,WIN,4.84,9,9,42.9,NO,NO,2024-01
209,2024.01.10 19:45,BUY,2022.95,2019.79,2027.68,WIN,4.73,9,9,37.5,NO,NO,2024-01
210,2024.01.10 20:30,BUY,2023.50,2020.30,2028.30,WIN,4.80,9,9,31.8,NO,NO,2024-01
211,2024.01.10 20:45,BUY,2024.08,2020.90,2028.85,WIN,4.77,9,9,32.9,NO,NO,2024-01
212,2024.01.10 21:00,BUY,2023.55,2020.40,2028.27,WIN,4.72,9,9,28.6,NO,NO,2024-01
213,2024.01.10 21:30,BUY,2024.11,2021.35,2028.25,WIN,4.14,9,8,22.7,NO,NO,2024-01
214,2024.01.10 21:45,BUY,2025.68,2023.10,2029.55,WIN,3.87,9,8,21.2,NO,NO,2024-01
215,2024.01.10 23:00,BUY,2025.62,2022.98,2029.57,WIN,3.95,11,10,22.3,NO,NO,2024-01
216,2024.01.10 23:30,BUY,2026.70,2024.41,2030.13,WIN,3.43,11,11,27.4,NO,NO,2024-01
217,2024.01.10 23:45,BUY,2027.23,2025.00,2030.58,WIN,3.35,11,11,31.8,NO,NO,2024-01
218,2024.01.11 00:00,BUY,2027.13,2024.98,2030.35,WIN,3.22,11,11,35.6,NO,NO,2024-01
219,2024.01.11 00:30,BUY,2027.75,2025.79,2030.70,WIN,2.95,11,11,43.0,NO,NO,2024-01
220,2024.01.11 00:45,BUY,2027.74,2025.87,2030.55,WIN,2.81,11,11,46.7,NO,NO,2024-01
221,2024.01.11 01:15,BUY,2027.40,2025.58,2030.13,WIN,2.73,11,11,53.1,NO,NO,2024-01
222,2024.01.11 01:45,BUY,2030.42,2028.30,2033.60,WIN,3.18,11,11,54.7,NO,NO,2024-01
223,2024.01.11 02:00,BUY,2031.23,2029.00,2034.58,LOSS,-2.23,11,14,56.4,YES,NO,2024-01
224,2024.01.11 02:15,BUY,2029.93,2027.63,2033.38,WIN,3.45,11,14,59.4,YES,NO,2024-01
225,2024.01.11 03:15,BUY,2030.77,2028.49,2034.19,WIN,3.42,11,11,48.6,NO,NO,2024-01
226,2024.01.11 03:30,BUY,2030.84,2028.50,2034.35,WIN,3.51,11,14,47.6,YES,NO,2024-01
227,2024.01.11 04:00,BUY,2031.63,2029.27,2035.16,WIN,3.53,11,14,48.6,YES,NO,2024-01
228,2024.01.11 04:45,BUY,2031.30,2029.07,2034.64,WIN,3.34,11,14,53.4,YES,NO,2024-01
229,2024.01.11 05:15,BUY,2033.00,2031.00,2036.01,LOSS,-2.00,11,14,50.4,YES,NO,2024-01
230,2024.01.11 05:30,BUY,2032.89,2030.90,2035.88,LOSS,-1.99,11,14,51.4,YES,NO,2024-01
231,2024.01.11 06:00,BUY,2034.43,2032.29,2037.63,LOSS,-2.14,11,14,55.6,YES,NO,2024-01
232,2024.01.11 06:15,BUY,2034.00,2031.77,2037.35,LOSS,-2.23,11,14,57.4,YES,NO,2024-01
233,2024.01.11 07:00,BUY,2034.99,2032.87,2038.16,LOSS,-2.12,11,14,57.5,YES,NO,2024-01
234,2024.01.11 07:15,BUY,2034.72,2032.54,2038.00,LOSS,-2.18,11,14,58.4,YES,NO,2024-01
235,2024.01.11 08:15,BUY,2032.13,2029.59,2035.94,WIN,3.81,12,15,43.8,YES,NO,2024-01
236,2024.01.11 09:00,BUY,2030.77,2028.03,2034.87,WIN,4.10,10,13,35.5,YES,NO,2024-01
237,2024.01.11 09:30,BUY,2031.23,2028.67,2035.08,WIN,3.85,10,13,35.1,YES,NO,2024-01
238,2024.01.11 10:15,BUY,2031.59,2029.09,2035.35,WIN,3.76,10,13,33.5,YES,NO,2024-01
239,2024.01.11 10:45,BUY,2032.30,2029.92,2035.87,WIN,3.57,12,15,26.7,YES,NO,2024-01
240,2024.01.11 11:00,BUY,2033.76,2031.41,2037.29,WIN,3.53,12,14,24.1,YES,NO,2024-01
241,2024.01.11 11:15,BUY,2033.63,2031.23,2037.23,WIN,3.60,12,15,25.0,YES,NO,2024-01
242,2024.01.11 11:45,BUY,2033.23,2031.08,2036.45,WIN,3.22,12,15,28.2,YES,NO,2024-01
243,2024.01.11 12:15,BUY,2033.51,2031.47,2036.58,WIN,3.07,12,16,26.9,YES,YES,2024-01
244,2024.01.11 13:00,BUY,2037.20,2035.11,2040.33,LOSS,-2.09,12,15,23.9,YES,YES,2024-01
245,2024.01.11 13:15,BUY,2030.66,2028.04,2034.58,LOSS,-2.62,12,16,25.4,YES,YES,2024-01
246,2024.01.11 14:00,BUY,2029.38,2023.84,2037.70,LOSS,-5.54,10,10,20.6,NO,YES,2024-01
247,2024.01.11 14:30,BUY,2029.60,2022.98,2039.52,LOSS,-6.62,10,10,20.7,NO,YES,2024-01
248,2024.01.11 14:45,BUY,2025.75,2018.83,2036.13,LOSS,-6.92,10,10,20.3,NO,YES,2024-01
249,2024.01.11 15:30,BUY,2028.95,2021.07,2040.77,LOSS,-7.88,10,9,17.9,YES,NO,2024-01
250,2024.01.11 16:45,BUY,2016.38,2006.81,2030.74,WIN,14.36,10,9,23.5,NO,NO,2024-01
251,2024.01.11 18:00,BUY,2015.02,2008.62,2024.62,WIN,9.60,9,9,30.8,NO,NO,2024-01
252,2024.01.11 18:45,BUY,2020.88,2015.41,2029.09,WIN,8.21,9,9,31.1,NO,NO,2024-01
253,2024.01.11 19:00,BUY,2024.37,2018.80,2032.72,WIN,8.35,9,9,28.8,NO,NO,2024-01
254,2024.01.11 19:15,BUY,2024.36,2018.54,2033.10,WIN,8.74,11,11,28.9,NO,NO,2024-01
255,2024.01.11 19:45,BUY,2025.21,2020.47,2032.32,WIN,7.11,11,11,31.3,NO,NO,2024-01
256,2024.01.11 20:30,BUY,2027.40,2023.32,2033.52,WIN,6.12,11,11,32.4,NO,NO,2024-01
257,2024.01.11 20:45,BUY,2028.49,2024.40,2034.62,WIN,6.13,11,11,34.6,NO,NO,2024-01
258,2024.01.11 21:00,BUY,2028.34,2024.35,2034.32,WIN,5.98,11,11,36.9,NO,NO,2024-01
259,2024.01.11 21:45,BUY,2034.07,2030.43,2039.53,LOSS,-3.64,11,11,39.1,NO,NO,2024-01
260,2024.01.11 23:00,BUY,2032.92,2028.67,2039.30,WIN,6.38,11,14,39.7,YES,NO,2024-01
261,2024.01.11 23:30,BUY,2035.13,2031.13,2041.12,LOSS,-4.00,11,14,40.8,YES,NO,2024-01
262,2024.01.11 23:45,BUY,2032.07,2028.50,2037.42,WIN,5.35,11,14,41.9,YES,NO,2024-01
263,2024.01.12 00:45,BUY,2032.10,2028.77,2037.10,WIN,5.00,11,14,31.1,YES,NO,2024-01
264,2024.01.12 01:00,BUY,2032.70,2029.32,2037.77,WIN,5.07,11,14,28.2,YES,NO,2024-01
265,2024.01.12 01:15,BUY,2033.39,2030.06,2038.38,WIN,4.99,11,13,24.9,YES,NO,2024-01
266,2024.01.12 01:30,BUY,2033.81,2030.41,2038.91,WIN,5.10,11,13,24.0,YES,NO,2024-01
267,2024.01.12 01:45,BUY,2033.56,2030.12,2038.71,WIN,5.15,11,14,25.0,YES,NO,2024-01
268,2024.01.12 02:15,BUY,2034.30,2030.72,2039.66,WIN,5.36,11,14,28.2,YES,NO,2024-01
269,2024.01.12 03:00,BUY,2034.74,2031.99,2038.86,WIN,4.12,11,14,33.3,YES,NO,2024-01
270,2024.01.12 04:30,BUY,2034.58,2032.44,2037.79,WIN,3.21,11,14,27.0,YES,NO,2024-01
271,2024.01.12 04:45,BUY,2034.54,2032.49,2037.62,WIN,3.08,11,13,24.2,YES,NO,2024-01
272,2024.01.12 05:45,BUY,2036.29,2034.40,2039.13,LOSS,-1.89,11,13,18.6,YES,NO,2024-01
273,2024.01.12 06:00,BUY,2035.83,2034.00,2038.57,WIN,2.74,11,13,18.7,YES,NO,2024-01
274,2024.01.12 06:45,BUY,2035.16,2033.32,2037.92,WIN,2.76,11,10,17.4,YES,NO,2024-01
275,2024.01.12 07:00,BUY,2037.86,2035.94,2040.74,LOSS,-1.92,11,13,19.0,YES,NO,2024-01
276,2024.01.12 07:15,BUY,2036.43,2034.22,2039.75,WIN,3.32,11,10,17.1,YES,NO,2024-01
277,2024.01.12 07:45,BUY,2038.63,2036.04,2042.51,WIN,3.88,12,11,15.4,YES,NO,2024-01
278,2024.01.12 08:00,BUY,2038.54,2035.89,2042.52,WIN,3.98,12,11,16.4,YES,NO,2024-01
279,2024.01.12 08:45,BUY,2039.25,2036.30,2043.68,WIN,4.43,12,11,15.1,YES,NO,2024-01
280,2024.01.12 09:00,BUY,2039.92,2036.90,2044.45,WIN,4.53,12,11,15.5,YES,NO,2024-01
